scenario_id,title,year_guess,relative_path,size_bytes,companion_ini_found,campaign_series,notes
1,"119 Squadron Makes a Little Noise, 2021",2021,"119 Squadron Makes a Little Noise, 2021.scen",463142,True,Standalone Scenario,
2,"2nd Fleet, Sink The Boomers (Scenario 2), 1986",1986,"2nd Fleet, Sink The Boomers (Scenario 2), 1986.scen",97259,True,2nd Fleet Series,
3,"688 Attack Sub 4, Mumar Cadaver, 1989",1989,"688 Attack Sub 4, Mumar Cadaver, 1989.scen",142052,True,688 Attack Sub Series,
4,"688 Attack Sub 8, Surprise Party, 1989",1989,"688 Attack Sub 8, Surprise Party, 1989.scen",110253,True,688 Attack Sub Series,
5,"A Day at Red Flag, 1977",1977,"A Day at Red Flag, 1977.scen",62850,True,Standalone Scenario,
6,"A Matter of Sovereignty, 2022",2022,"A Matter of Sovereignty, 2022.scen",905087,True,Standalone Scenario,
7,"A New World, 2005",2005,"A New World, 2005.scen",609875,True,Standalone Scenario,
8,"ASW EX1971 Spanish Coast, 1971",1971,"ASW EX1971 Spanish Coast, 1971.scen",59303,True,Standalone Scenario,
9,"ASW Exercise, 2006",2006,"ASW Exercise, 2006.scen",195733,True,Standalone Scenario,
10,"Action in the Bay of Vlore, 1969",1969,"Action in the Bay of Vlore, 1969.scen",100012,True,Standalone Scenario,
11,"Aden, North Yemen Civil War, The Egypian Vietnam, 1965",1965,"Aden, North Yemen Civil War, The Egypian Vietnam, 1965.scen",1044929,True,Standalone Scenario,
12,"Aegean Hunting Party, 1968",1968,"Aegean Hunting Party, 1968.scen",138552,True,Standalone Scenario,
13,"Air Battle - July 28, 2020",2020,"Air Battle - July 28, 2020.scen",1374333,True,Standalone Scenario,
14,"Air Battle - The Litani River, 2017",2017,"Air Battle - The Litani River, 2017.scen",972708,True,Standalone Scenario,
15,"Air Battle over Berat-Kuçovë, 2021",2021,"Air Battle over Berat-Kuçovë, 2021.scen",121466,True,Standalone Scenario,
16,"Air Battle over Metema, 2019",2019,"Air Battle over Metema, 2019.scen",129807,True,Standalone Scenario,
17,"Air Incident over Mageroya, 2020",2020,"Air Incident over Mageroya, 2020.scen",170506,True,Standalone Scenario,
18,"Airstrikes on Zinder, 2025",2025,"Airstrikes on Zinder, 2025.scen",206265,True,Standalone Scenario,
19,"Albania Airstrike, 1984",1984,"Albania Airstrike, 1984.scen",107910,True,Standalone Scenario,
20,"Albania Strikes Again, 1984 (No Aircraft Damage)",1984,"Albania Strikes Again, 1984 (No Aircraft Damage).scen",105186,True,Standalone Scenario,
21,"Albania Strikes Again, 1984",1984,"Albania Strikes Again, 1984.scen",105271,True,Standalone Scenario,
22,"Alfa Wolfpack, 1987",1987,"Alfa Wolfpack, 1987.scen",93305,True,Standalone Scenario,
23,"Ambalat, 2025",2025,"Ambalat, 2025.scen",289506,True,Standalone Scenario,
24,"Ancient Armies, Modern Weapons, 2014",2014,"Ancient Armies, Modern Weapons, 2014.scen",81635,True,Standalone Scenario,
25,"Andaman Sea Clash, 2005",2005,"Andaman Sea Clash, 2005.scen",195167,True,Standalone Scenario,
26,"Andaman and Nicobar Islands, 2024",2024,"Andaman and Nicobar Islands, 2024.scen",1035345,True,Standalone Scenario,
27,"Andromeda at the Ready, 1984",1984,"Andromeda at the Ready, 1984.scen",86688,True,Standalone Scenario,
28,"Angamos Goes the Distance, 1980",1980,"Angamos Goes the Distance, 1980.scen",105616,True,Standalone Scenario,
29,"Annaba Constant, 1960",1960,"Annaba Constant, 1960.scen",58658,True,Standalone Scenario,
30,"April Storm 1 - The New Eastern Front, 1996",1996,"April Storm 1 - The New Eastern Front, 1996.scen",732058,True,April Storm Series,
31,"Arctic Tsunami, 2019",2019,"Arctic Tsunami, 2019.scen",2053638,True,Standalone Scenario,
32,"Assalto in Pakistan, 2018",2018,"Assalto in Pakistan, 2018.scen",50401,True,Standalone Scenario,
33,"Assault on Al Tanf, 2024",2024,"Assault on Al Tanf, 2024.scen",177621,True,Standalone Scenario,
34,"Assault on Banak, 1985",1985,"Assault on Banak, 1985.scen",42938,True,Standalone Scenario,
35,"Atlantic Convoy Duty, 1985",1985,"Atlantic Convoy Duty, 1985.scen",522939,True,Standalone Scenario,
36,"Attack Sub Duel off Hokkaido, 2003",2003,"Attack Sub Duel off Hokkaido, 2003.scen",68980,True,Standalone Scenario,
37,"Attack on H-3, 1981",1981,"Attack on H-3, 1981.scen",1132657,True,Standalone Scenario,
38,"BALTAP - Break through The Sound, 1963",1963,"BALTAP - Break through The Sound, 1963.scen",302646,True,BALTAP Campaign,
39,"BALTAP - Close down Mukran, 1987",1987,"BALTAP - Close down Mukran, 1987.scen",227752,True,BALTAP Campaign,
40,"BALTAP - Hunting in Skagerrak, 1983",1983,"BALTAP - Hunting in Skagerrak, 1983.scen",128447,True,BALTAP Campaign,
41,"BALTAP - Minesweeping Kiel Bight, 1983",1983,"BALTAP - Minesweeping Kiel Bight, 1983.scen",490230,True,BALTAP Campaign,
42,"BALTAP - Mining Fehmarn Belt, 1983",1983,"BALTAP - Mining Fehmarn Belt, 1983.scen",192048,True,BALTAP Campaign,
43,"BALTAP - Repräsentative Schnellbootlage - 10 Years Later, 1980",1980,"BALTAP - Repräsentative Schnellbootlage - 10 Years Later, 1980.scen",128222,True,BALTAP Campaign,
44,"BALTAP - Repräsentative Schnellbootlage, 1970",1970,"BALTAP - Repräsentative Schnellbootlage, 1970.scen",109906,True,BALTAP Campaign,
45,"Bab al-Mandab Strait, Yemen, 2024",2024,"Bab al-Mandab Strait, Yemen, 2024.scen",137145,True,Standalone Scenario,
46,"Baltic Ballet, 2019",2019,"Baltic Ballet, 2019.scen",425393,True,Standalone Scenario,
47,"Baltic On Fire, 1988",1988,"Baltic On Fire, 1988.scen",1533700,True,Standalone Scenario,
48,"Baltimore on the Prowl, 1952",1952,"Baltimore on the Prowl, 1952.scen",59443,True,Standalone Scenario,
49,"Battle Ocean 64 - Baltic Convoy, 1964",1964,"Battle Ocean 64 - Baltic Convoy, 1964.scen",141122,True,Battle Ocean 64 Series,
50,"Battle Ocean 64 - North Sea ASW, 1964",1964,"Battle Ocean 64 - North Sea ASW, 1964.scen",163881,True,Battle Ocean 64 Series,
51,"Battle Ocean 64 - Teesport Convoy, 1964",1964,"Battle Ocean 64 - Teesport Convoy, 1964.scen",109250,True,Battle Ocean 64 Series,
52,"Battle of Kodel Channel (The War That Never Was) Warsaw Pact, 1989",1989,"Battle of Kodel Channel (The War That Never Was) Warsaw Pact, 1989.scen",913994,True,The War That Never Was Series,
53,"Battle of Strait of Tiran, 1978",1978,"Battle of Strait of Tiran, 1978.scen",148592,True,Standalone Scenario,
54,"Battle of Yavin, 1980",1980,"Battle of Yavin, 1980.scen",115484,True,Standalone Scenario,
55,"Battle of the First Salvo, Eastern Med (The War That Never Was), 1989",1989,"Battle of the First Salvo, Eastern Med (The War That Never Was), 1989.scen",765530,True,The War That Never Was Series,
56,"Battles of the 3rd WW, Tattletale, 1991",1991,"Battles of the 3rd WW, Tattletale, 1991.scen",75806,True,Standalone Scenario,
57,"Bay of Bengal, 1999",1999,"Bay of Bengal, 1999.scen",319431,True,Standalone Scenario,
58,"Bear Island, 2022",2022,"Bear Island, 2022.scen",1975087,True,Standalone Scenario,
59,"Bennys Sweep, 1958",1958,"Bennys Sweep, 1958.scen",305322,True,Standalone Scenario,
60,"Best of the West, Worst of the East, 1982",1982,"Best of the West, Worst of the East, 1982.scen",55583,True,Standalone Scenario,
61,"Better Bullets AMRAAM, 1987",1987,"Better Bullets AMRAAM, 1987.scen",98364,True,Standalone Scenario,
62,"Better Bullets SARH, 1987",1987,"Better Bullets SARH, 1987.scen",92785,True,Standalone Scenario,
63,"Between Ascension and San Carlos - The Carrier Duel, 1982",1982,"Between Ascension and San Carlos - The Carrier Duel, 1982.scen",127304,True,Standalone Scenario,
64,"Between Ascension and San Carlos, 1982",1982,"Between Ascension and San Carlos, 1982.scen",60503,True,Standalone Scenario,
65,"Beyond Kashmir, 2019",2019,"Beyond Kashmir, 2019.scen",1421656,True,Standalone Scenario,
66,"Biddle Goes to Algeria, 1984",1984,"Biddle Goes to Algeria, 1984.scen",212936,True,Standalone Scenario,
67,"Biddles Quandary, 1982",1982,"Biddles Quandary, 1982.scen",622032,True,Standalone Scenario,
68,"Biddles Team, 1981",1981,"Biddles Team, 1981.scen",555768,True,Standalone Scenario,
69,"Big Fish in the Baltic, 1971",1971,"Big Fish in the Baltic, 1971.scen",490348,True,Standalone Scenario,
70,"Birmingham Strikes, 1992",1992,"Birmingham Strikes, 1992.scen",129001,True,Standalone Scenario,
71,"Black Gold, 1985",1985,"Black Gold, 1985.scen",115465,True,Standalone Scenario,
72,"Black Moon Sailing, 2014",2014,"Black Moon Sailing, 2014.scen",221457,True,Standalone Scenario,
73,"Black Sea, 2019",2019,"Black Sea, 2019.scen",470493,True,Standalone Scenario,
74,"Black Tiger I, 2015",2015,"Black Tiger I, 2015.scen",1074872,True,Black Tiger Series,
75,"Black Tiger II, 2015",2015,"Black Tiger II, 2015.scen",1668402,True,Black Tiger Series,
76,"Black Tiger III, 2015",2015,"Black Tiger III, 2015.scen",1588449,True,Black Tiger Series,
77,"Black Tiger IV, 2015",2015,"Black Tiger IV, 2015.scen",1521950,True,Black Tiger Series,
78,"Black Tiger V, 2015",2015,"Black Tiger V, 2015.scen",1290351,True,Black Tiger Series,
79,"Blood Diamonds, 2018",2018,"Blood Diamonds, 2018.scen",877224,True,Standalone Scenario,
80,"Bosphorus Blues (The War That Never Was) Warsaw Pact, 1989",1989,"Bosphorus Blues (The War That Never Was) Warsaw Pact, 1989.scen",1769353,True,The War That Never Was Series,
81,"Bostons Battle, 1963",1963,"Bostons Battle, 1963.scen",119374,True,Standalone Scenario,
82,"Bostons Brawl, 1963",1963,"Bostons Brawl, 1963.scen",77706,True,Standalone Scenario,
83,"Brazil Abroad, 2015",2015,"Brazil Abroad, 2015.scen",86835,True,Standalone Scenario,
84,"Breaking Bad, 2015",2015,"Breaking Bad, 2015.scen",209709,True,Standalone Scenario,
85,"Buenos Aires Express, 1982",1982,"Buenos Aires Express, 1982.scen",85048,True,Standalone Scenario,
86,"Building a Cage, 2005",2005,"Building a Cage, 2005.scen",758088,True,Standalone Scenario,
87,"Busy Day in Burundi, 1976",1976,"Busy Day in Burundi, 1976.scen",183241,True,Standalone Scenario,
88,"COMAO Training - Transport Day, 2014",2014,"COMAO Training - Transport Day, 2014.scen",149685,True,Standalone Scenario,
89,"CSG-21 in the Eastern Mediterranean, 2021",2021,"CSG-21 in the Eastern Mediterranean, 2021.scen",1155314,True,Standalone Scenario,
90,"CWC 1 Eve of Destruction, 1995",1995,"CWC 1 Eve of Destruction, 1995.scen",3004235,True,CWC Series,
91,"Cable-tap, 2015",2015,"Cable-tap, 2015.scen",69635,True,Standalone Scenario,
92,"Cape Road, 2023",2023,"Cape Road, 2023.scen",126797,True,Standalone Scenario,
93,"Caravan, 1982",1982,"Caravan, 1982.scen",98688,True,Standalone Scenario,
94,"Caribbean Clinch, 1956",1956,"Caribbean Clinch, 1956.scen",137522,True,Standalone Scenario,
95,"Caribbean Crisis - The Prelude, 2012",2012,"Caribbean Crisis - The Prelude, 2012.scen",893189,True,Standalone Scenario,
96,"Caribbean Crisis - The Showdown, 2012",2012,"Caribbean Crisis - The Showdown, 2012.scen",790845,True,Standalone Scenario,
97,"Caribbean Task Force Ruby, 1963",1963,"Caribbean Task Force Ruby, 1963.scen",121220,True,Standalone Scenario,
98,"Carribean March 21st, 2022",2022,"Carribean March 21st, 2022.scen",609815,True,Standalone Scenario,
99,"Carrier Battle Group ASW Test, 1984",1984,"Carrier Battle Group ASW Test, 1984.scen",353458,True,Standalone Scenario,
100,"Carrier Hunt, 2024",2024,"Carrier Hunt, 2024.scen",619447,True,Standalone Scenario,
101,"Casamance 1 - Arrival, 1986",1986,"Casamance 1 - Arrival, 1986.scen",251025,True,Standalone Scenario,
102,"Casamance 2 - Reconnaissance, 1986",1986,"Casamance 2 - Reconnaissance, 1986.scen",253414,True,Standalone Scenario,
103,"Caspian Darts, 2018",2018,"Caspian Darts, 2018.scen",510208,True,Standalone Scenario,
104,"Chafarinas, 2029",2029,"Chafarinas, 2029.scen",1099971,True,Standalone Scenario,
105,"Changjiang Strike, 2016",2016,"Changjiang Strike, 2016.scen",462341,True,Standalone Scenario,
106,"Charlie Deuce Takes the Lead, 1970",1970,"Charlie Deuce Takes the Lead, 1970.scen",119356,True,Standalone Scenario,
107,"Chilean Chevauchee, 1947",1947,"Chilean Chevauchee, 1947.scen",26470,True,Standalone Scenario,
108,"Chillied Sea Slugs, 1988",1988,"Chillied Sea Slugs, 1988.scen",130443,True,Standalone Scenario,
109,"Closing the Kurile Gap US (The War That Never Was), 1989",1989,"Closing the Kurile Gap US (The War That Never Was), 1989.scen",2046198,True,The War That Never Was Series,
110,"Closing the Kurile Gap USSR (The War That Never Was), 1989",1989,"Closing the Kurile Gap USSR (The War That Never Was), 1989.scen",2420559,True,The War That Never Was Series,
111,"Cocos Islands Indian v Australia, 1978",1978,"Cocos Islands Indian v Australia, 1978.scen",227793,True,Standalone Scenario,
112,"Coilers Halloween Iceland Adventure, 2018",2018,"Coilers Halloween Iceland Adventure, 2018.scen",130888,True,Standalone Scenario,
113,"Comte de Grasse Squadron, 1988",1988,"Comte de Grasse Squadron, 1988.scen",339422,True,Standalone Scenario,
114,"Confrontation near Tartus, 2017",2017,"Confrontation near Tartus, 2017.scen",444008,True,Standalone Scenario,
115,"Connie and Qatif, 1980",1980,"Connie and Qatif, 1980.scen",541487,True,Standalone Scenario,
116,"Container Wars, 2019",2019,"Container Wars, 2019.scen",446890,True,Standalone Scenario,
117,"Contingency, 2016",2016,"Contingency, 2016.scen",465693,True,Standalone Scenario,
118,"Convoy 88, 1988",1988,"Convoy 88, 1988.scen",173618,True,Standalone Scenario,
119,"Coral Magpie, 2018",2018,"Coral Magpie, 2018.scen",58372,True,Standalone Scenario,
120,"Corvette Group off Bressay, 2022",2022,"Corvette Group off Bressay, 2022.scen",99406,True,Standalone Scenario,
121,"Crimea River, 2016",2016,"Crimea River, 2016.scen",2585492,True,Standalone Scenario,
122,"Crimean War Episodes - Operation Tiger Rifle, 2014",2014,"Crimean War Episodes - Operation Tiger Rifle, 2014.scen",514105,True,Standalone Scenario,
123,"Crossing the Line of Death (The War That Never Was) NATO, 1989",1989,"Crossing the Line of Death (The War That Never Was) NATO, 1989.scen",792633,True,The War That Never Was Series,
124,"Curacao Crisis French Intervention, 2021",2021,"Curacao Crisis French Intervention, 2021.scen",1243125,True,Standalone Scenario,
125,Curacao Crisis US-UK Intervention 2021,,Curacao Crisis US-UK Intervention 2021.scen,1487616,True,Standalone Scenario,
126,"Cypriot Missile Crisis, 1999",1999,"Cypriot Missile Crisis, 1999.scen",224180,True,Standalone Scenario,
127,"DACEX-14, 2014",2014,"DACEX-14, 2014.scen",250318,True,Standalone Scenario,
128,"DCA Mini-EX, 2012",2012,"DCA Mini-EX, 2012.scen",171727,True,Standalone Scenario,
129,"Danger in the Aegean, 1946",1946,"Danger in the Aegean, 1946.scen",254537,True,Standalone Scenario,
130,"Danjo Wall, 1991",1991,"Danjo Wall, 1991.scen",117671,True,Standalone Scenario,
131,"Death from EABOve, 2027",2027,"Death from EABOve, 2027.scen",2553660,True,Standalone Scenario,
132,"Death of the Belgrano, 1982",1982,"Death of the Belgrano, 1982.scen",62550,True,Standalone Scenario,
133,"Debt of Honor, 1996",1996,"Debt of Honor, 1996.scen",567515,True,Standalone Scenario,
134,"Defending Northern Turkey, 1968",1968,"Defending Northern Turkey, 1968.scen",1339126,True,Standalone Scenario,
135,"Desperate Measures, 2016",2016,"Desperate Measures, 2016.scen",64395,True,Standalone Scenario,
136,"Deter, Detect, Defend, 1962 CF-105 Variant",1962,"Deter, Detect, Defend, 1962 CF-105 Variant.scen",576419,True,Standalone Scenario,
137,"Deter, Detect, Defend, 1962",1962,"Deter, Detect, Defend, 1962.scen",580990,True,Standalone Scenario,
138,"Disproportional Response, 2017",2017,"Disproportional Response, 2017.scen",768957,True,Standalone Scenario,
139,"Duke of York Never Gives Up, 1950",1950,"Duke of York Never Gives Up, 1950.scen",90181,True,Standalone Scenario,
140,"Dutch Convoy in the North Atlantic, 1963",1963,"Dutch Convoy in the North Atlantic, 1963.scen",139157,True,Standalone Scenario,
141,"Dutch-Venezuelan Fishing Incident, 2025",2025,"Dutch-Venezuelan Fishing Incident, 2025.scen",83558,True,Standalone Scenario,
142,"En Garde, 2013",2013,"En Garde, 2013.scen",199615,True,Standalone Scenario,
143,"Enough is Enough, 2018",2018,"Enough is Enough, 2018.scen",590006,True,Standalone Scenario,
144,"Escape from Port Harcourt, Nigeria 2022",,"Escape from Port Harcourt, Nigeria 2022.scen",94571,True,Standalone Scenario,
145,"Etendards in Her Majestys Face, 1982",1982,"Etendards in Her Majestys Face, 1982.scen",56169,True,Standalone Scenario,
146,"Ex Pitch Black, 2017",2017,"Ex Pitch Black, 2017.scen",858372,True,Standalone Scenario,
147,"Excellent Loon, 1976",1976,"Excellent Loon, 1976.scen",75046,True,Standalone Scenario,
148,"Facing The Bear (The War That Never Was) USSR, 1989",1989,"Facing The Bear (The War That Never Was) USSR, 1989.scen",2297046,True,The War That Never Was Series,
149,"Falkland War, 1982",1982,"Falkland War, 1982.scen",385697,True,Standalone Scenario,
150,"Fall of Seoul, 1950",1950,"Fall of Seoul, 1950.scen",785210,True,Standalone Scenario,
151,"Fiery Cross Reef, 2021",2021,"Fiery Cross Reef, 2021.scen",1131226,True,Standalone Scenario,
152,"Final Count Down, 1941",1941,"Final Count Down, 1941.scen",871254,True,Standalone Scenario,
153,"First Battle of Donetsk Airport, 2014",2014,"First Battle of Donetsk Airport, 2014.scen",89192,True,Standalone Scenario,
154,"For The Honour Of The Republic, 1991",1991,"For The Honour Of The Republic, 1991.scen",241641,True,Standalone Scenario,
155,"Forging On, 1986",1986,"Forging On, 1986.scen",141517,True,Standalone Scenario,
156,"Four Ounces Can Move One Thousand Pounds, 2016",2016,"Four Ounces Can Move One Thousand Pounds, 2016.scen",274891,True,Standalone Scenario,
157,"Four Ships near Demon Point, 1988",1988,"Four Ships near Demon Point, 1988.scen",69706,True,Standalone Scenario,
158,"France Goes to Conakry, 1984",1984,"France Goes to Conakry, 1984.scen",101279,True,Standalone Scenario,
159,"French Forces in the Gulf of Sidra, 1981",1981,"French Forces in the Gulf of Sidra, 1981.scen",114675,True,Standalone Scenario,
160,"Frigate Duel in the Scotia Sea, 2023",2023,"Frigate Duel in the Scotia Sea, 2023.scen",69948,True,Standalone Scenario,
161,"Frisian Flag, 2012",2012,"Frisian Flag, 2012.scen",215584,True,Standalone Scenario,
162,"Frozen War, 2014",2014,"Frozen War, 2014.scen",79310,True,Standalone Scenario,
163,"Fulda Gap, 1989",1989,"Fulda Gap, 1989.scen",1354299,True,Standalone Scenario,
164,"Galveston Gets a Mission, 1960",1960,"Galveston Gets a Mission, 1960.scen",135428,True,Standalone Scenario,
165,"Give Them Hell, 2008",2008,"Give Them Hell, 2008.scen",857388,True,Standalone Scenario,
166,"Giving Some Hell to Harry, 2022",2022,"Giving Some Hell to Harry, 2022.scen",553014,True,Standalone Scenario,
167,"Good Morning Malvinas, 1982",1982,"Good Morning Malvinas, 1982.scen",323810,True,Standalone Scenario,
168,"Goodnight Irene, 2016",2016,"Goodnight Irene, 2016.scen",1779123,True,Standalone Scenario,
169,"Great Asian War - Southwestern Front, 2018",2018,"Great Asian War - Southwestern Front, 2018.scen",150940,True,Standalone Scenario,
170,"Great Pacific War - Break out (Without Subs), 2020",2020,"Great Pacific War - Break out (Without Subs), 2020.scen",587482,True,Standalone Scenario,
171,"Great Pacific War - Break out, 2020",2020,"Great Pacific War - Break out, 2020.scen",600075,True,Standalone Scenario,
172,"Greek-Turkish EEZ Conflict - Greek Human, 2021",2021,"Greek-Turkish EEZ Conflict - Greek Human, 2021.scen",1665653,True,Standalone Scenario,
173,"Greek-Turkish EEZ Conflict - Turkish Human, 2021",2021,"Greek-Turkish EEZ Conflict - Turkish Human, 2021.scen",1624410,True,Standalone Scenario,
174,"Growler Vs. Growler, 2014",2014,"Growler Vs. Growler, 2014.scen",21494,True,Standalone Scenario,
175,"Gulf of Mannar Confrontation, 1962",1962,"Gulf of Mannar Confrontation, 1962.scen",114261,True,Standalone Scenario,
176,"Gulf of Sidra Incident, 1981",1981,"Gulf of Sidra Incident, 1981.scen",285326,True,Standalone Scenario,
177,"Gulf of Tonkin incident, 1964",1964,"Gulf of Tonkin incident, 1964.scen",47841,True,Standalone Scenario,
178,"Halloween Horror, 1991",1991,"Halloween Horror, 1991.scen",1054789,True,Standalone Scenario,
179,"Hammana Lebanon Airstrike, 1983",1983,"Hammana Lebanon Airstrike, 1983.scen",105050,True,Standalone Scenario,
180,"Hanukkah War, 2018",2018,"Hanukkah War, 2018.scen",4597479,True,Standalone Scenario,
181,"Harpoon, 1980",1980,"Harpoon, 1980.scen",56541,True,Standalone Scenario,
182,"Hat Yai Air Raid, 2019",2019,"Hat Yai Air Raid, 2019.scen",113262,True,Standalone Scenario,
183,"Havana Daydreamin, 2017",2017,"Havana Daydreamin, 2017.scen",1238549,True,Standalone Scenario,
184,"Hell of the East, 2019",2019,"Hell of the East, 2019.scen",2800586,True,Standalone Scenario,
185,"Helping Brothers, 1990",1990,"Helping Brothers, 1990.scen",218570,True,Standalone Scenario,
186,"Here, There and Everywhere, 1965",1965,"Here, There and Everywhere, 1965.scen",329555,True,Standalone Scenario,
187,"Homerun, 1956",1956,"Homerun, 1956.scen",141907,True,Standalone Scenario,
188,"Hormuz, 2020",2020,"Hormuz, 2020.scen",1723170,True,Standalone Scenario,
189,"Human Limitation, 1978",1978,"Human Limitation, 1978.scen",43026,True,Standalone Scenario,
190,"Hungarian-Serbian Border Incident, 2017",2017,"Hungarian-Serbian Border Incident, 2017.scen",108284,True,Standalone Scenario,
191,"Hunter-Killer Duel in the Celtic Sea, 1987",1987,"Hunter-Killer Duel in the Celtic Sea, 1987.scen",142154,True,Standalone Scenario,
192,"Hunter-Killers, 1962",1962,"Hunter-Killers, 1962.scen",476694,True,Standalone Scenario,
193,"Hunting Day, 2008",2008,"Hunting Day, 2008.scen",633779,True,Standalone Scenario,
194,"In the Calmest Waters, 1985",1985,"In the Calmest Waters, 1985.scen",505979,True,Standalone Scenario,
195,"Incident at Le Perouse strait, 2014",2014,"Incident at Le Perouse strait, 2014.scen",288828,True,Standalone Scenario,
196,"Incident in the Gulf of Finland, 2024",2024,"Incident in the Gulf of Finland, 2024.scen",149617,True,Standalone Scenario,
197,"Incirlik, 2021",2021,"Incirlik, 2021.scen",1049680,True,Standalone Scenario,
198,"Indian Ocean Brawl (The War That Never Was), 1989",1989,"Indian Ocean Brawl (The War That Never Was), 1989.scen",968735,True,The War That Never Was Series,
199,"Indonesian War - 1 - Convoy Lion, 1995",1995,"Indonesian War - 1 - Convoy Lion, 1995.scen",183811,True,Indonesian War Series,
200,"Indonesian War - 2 - Air Battle Over Java, 1995",1995,"Indonesian War - 2 - Air Battle Over Java, 1995.scen",256932,True,Indonesian War Series,
201,"Indonesian War - 3 - Spartan Goes Hunting, 1995",1995,"Indonesian War - 3 - Spartan Goes Hunting, 1995.scen",90553,True,Indonesian War Series,
202,"Into the Dark NordKapp NATO, 1985",1985,"Into the Dark NordKapp NATO, 1985.scen",1123573,True,The War That Never Was Series,
203,"Into the Dark NordKapp USSR, 1985",1985,"Into the Dark NordKapp USSR, 1985.scen",1018662,True,The War That Never Was Series,
204,"Invasion Re-Invasion, 2025",2025,"Invasion Re-Invasion, 2025.scen",1054641,True,Standalone Scenario,
205,"Iran Airbase Attack Drill, 2014",2014,"Iran Airbase Attack Drill, 2014.scen",276008,True,Standalone Scenario,
206,"Iran Strike, 2022",2022,"Iran Strike, 2022.scen",1597755,True,Standalone Scenario,
207,"Iran Strike, 2025",2025,"Iran Strike, 2025.scen",1267028,True,Standalone Scenario,
208,"Irish-Spanish Fish War, 2015",2015,"Irish-Spanish Fish War, 2015.scen",88409,True,Standalone Scenario,
209,"Israel strikes, 2014",2014,"Israel strikes, 2014.scen",616774,True,Standalone Scenario,
210,"Iwo Jima Goes to Mozambique, 2024",2024,"Iwo Jima Goes to Mozambique, 2024.scen",284678,True,Standalone Scenario,
211,"Jean Moulin Rouge, 1994",1994,"Jean Moulin Rouge, 1994.scen",102515,True,Standalone Scenario,
212,"Jeannes Last Jaunt, 2009",2009,"Jeannes Last Jaunt, 2009.scen",139725,True,Standalone Scenario,
213,"Kanton Island - Kiribati, 2024",2024,"Kanton Island - Kiribati, 2024.scen",544947,True,Standalone Scenario,
214,"Karachi Blockade, 2020",2020,"Karachi Blockade, 2020.scen",155463,True,Standalone Scenario,
215,"Kearsarge Comes to Pemba Island, 1967",1967,"Kearsarge Comes to Pemba Island, 1967.scen",280318,True,Standalone Scenario,
216,"Kharg Island, 2024",2024,"Kharg Island, 2024.scen",269159,True,Standalone Scenario,
217,"Khasab Helicopter Strike, 2017",2017,"Khasab Helicopter Strike, 2017.scen",77913,True,Standalone Scenario,
218,"Khrushchevs War, Day 1 - France Enters the Fray, 1957",1957,"Khrushchevs War, Day 1 - France Enters the Fray, 1957.scen",153266,True,Khrushchev's War Campaign,
219,"Khrushchevs War, Day 1 - Poseidons Play, 1957",1957,"Khrushchevs War, Day 1 - Poseidons Play, 1957.scen",82744,True,Khrushchev's War Campaign,
220,"Khrushchevs War, Day 1 - The Battle of Elefsina, 1957",1957,"Khrushchevs War, Day 1 - The Battle of Elefsina, 1957.scen",302826,True,Khrushchev's War Campaign,
221,"Khrushchevs War, Day 2 - Head 'Em off at the Sunda Strait, 1957",1957,"Khrushchevs War, Day 2 - Head 'Em off at the Sunda Strait, 1957.scen",96504,True,Khrushchev's War Campaign,
222,"Khrushchevs War, Day 3 - Duel Near Cape Verde, 1957",1957,"Khrushchevs War, Day 3 - Duel Near Cape Verde, 1957.scen",144816,True,Khrushchev's War Campaign,
223,"Khrushchevs War, Day 30 - South Dakota Says Goodbye, 1957",1957,"Khrushchevs War, Day 30 - South Dakota Says Goodbye, 1957.scen",130548,True,Khrushchev's War Campaign,
224,"Khrushchevs War, Day 4 - Birmingham Goes Hunting, 1957",1957,"Khrushchevs War, Day 4 - Birmingham Goes Hunting, 1957.scen",102786,True,Khrushchev's War Campaign,
225,"Kicking Down the Door, 2019",2019,"Kicking Down the Door, 2019.scen",1510414,True,Standalone Scenario,
226,"Kingdom Come, 2018",2018,"Kingdom Come, 2018.scen",2604784,True,Standalone Scenario,
227,"Kitty Comes to Kamchatka (The War That Never Was), 1989",1989,"Kitty Comes to Kamchatka (The War That Never Was), 1989.scen",546922,True,The War That Never Was Series,
228,"Kiwi Strike!, 1998",1998,"Kiwi Strike!, 1998.scen",20717,True,Standalone Scenario,
229,"Kolkata Thresher, 1982",1982,"Kolkata Thresher, 1982.scen",138986,True,Standalone Scenario,
230,"Korean Campaign (Operation Dragon Fire), 2018",2018,"Korean Campaign (Operation Dragon Fire), 2018.scen",10237026,True,Korean Scenarios,
231,"Korean Campaign, 2018",2018,"Korean Campaign, 2018.scen",3596134,True,Korean Scenarios,
232,"Korean Crisis, 1994",1994,"Korean Crisis, 1994.scen",905974,True,Korean Scenarios,
233,"Korean Missile Crisis, 2021",2021,"Korean Missile Crisis, 2021.scen",684626,True,Korean Scenarios,
234,"Kuril Islands, 1999",1999,"Kuril Islands, 1999.scen",494495,True,Standalone Scenario,
235,"Land of Confusion - Syria, 2021",2021,"Land of Confusion - Syria, 2021.scen",1277001,True,Standalone Scenario,
236,"Leathernecks Are Watching, 2025",2025,"Leathernecks Are Watching, 2025.scen",543453,True,Standalone Scenario,
237,"Liancourt Rocks Conflict, 2018",2018,"Liancourt Rocks Conflict, 2018.scen",154364,True,Standalone Scenario,
238,"Limited War - The Siret River, 2020",2020,"Limited War - The Siret River, 2020.scen",1790351,True,Standalone Scenario,
239,"Line of Death, 1986",1986,"Line of Death, 1986.scen",266837,True,Standalone Scenario,
240,"Littoral Mission - Cebu Strait, 2018",2018,"Littoral Mission - Cebu Strait, 2018.scen",146446,True,Standalone Scenario,
241,"Log Bridge, 1989",1989,"Log Bridge, 1989.scen",187730,True,Standalone Scenario,
242,"Lucid Angel, 1993",1993,"Lucid Angel, 1993.scen",158531,True,Standalone Scenario,
243,"MINUSMA, 2015",2015,"MINUSMA, 2015.scen",93266,True,Standalone Scenario,
244,"Malvinas - The Pincer, 1982",1982,"Malvinas - The Pincer, 1982.scen",429944,True,Standalone Scenario,
245,"Marinha do Brasil - PASSEX 2010 - Carl Vinson, 2010",2010,"Marinha do Brasil - PASSEX 2010 - Carl Vinson, 2010.scen",68544,True,Standalone Scenario,
246,"Med Conflict, 1990",1990,"Med Conflict, 1990.scen",977709,True,Standalone Scenario,
247,"Mediterranean Tsunami, 2019",2019,"Mediterranean Tsunami, 2019.scen",2902964,True,Standalone Scenario,
248,"Memphis Goes North, 1981",1981,"Memphis Goes North, 1981.scen",43038,True,Standalone Scenario,
249,"Merry Christmas, 1985",1985,"Merry Christmas, 1985.scen",137976,True,Standalone Scenario,
250,"Merry Christmas, 1998",1998,"Merry Christmas, 1998.scen",1086050,True,Standalone Scenario,
251,"Mesa Verde Meets Em Head On, 2024",2024,"Mesa Verde Meets Em Head On, 2024.scen",202538,True,Standalone Scenario,
252,"Meteors over Korea, 1952",1952,"Meteors over Korea, 1952.scen",107342,True,Standalone Scenario,
253,"Mexican Fishery Conflict, 2017",2017,"Mexican Fishery Conflict, 2017.scen",102426,True,Standalone Scenario,
254,"Mission 2013D Part 1, 2014",2014,"Mission 2013D Part 1, 2014.scen",647875,True,Standalone Scenario,
255,"Mission 2013D Part 2, 2014",2014,"Mission 2013D Part 2, 2014.scen",421204,True,Standalone Scenario,
256,"Mission 2013D Part 3, 2014",2014,"Mission 2013D Part 3, 2014.scen",523133,True,Standalone Scenario,
257,"Mission off the Île de Sein, 2015",2015,"Mission off the Île de Sein, 2015.scen",74310,True,Standalone Scenario,
258,"Mission to Mon, 2020",2020,"Mission to Mon, 2020.scen",119109,True,Standalone Scenario,
259,"Montevideo Reach, 1973",1973,"Montevideo Reach, 1973.scen",102991,True,Standalone Scenario,
260,"Mururoa, 1973",1973,"Mururoa, 1973.scen",191950,True,Standalone Scenario,
261,"Myanmar Defense, 1995",1995,"Myanmar Defense, 1995.scen",25573,True,Standalone Scenario,
262,"NFZ Baltic, 2022",2022,"NFZ Baltic, 2022.scen",1898073,True,Standalone Scenario,
263,"NFZ Med, 2022",2022,"NFZ Med, 2022.scen",1109965,True,Standalone Scenario,
264,"NFZ Nordkapp, 2022",2022,"NFZ Nordkapp, 2022.scen",622269,True,Standalone Scenario,
265,"NFZ Pacific, 2022",2022,"NFZ Pacific, 2022.scen",971918,True,Standalone Scenario,
266,"Navaga Deterrence, 1986",1986,"Navaga Deterrence, 1986.scen",374720,True,Standalone Scenario,
267,"Needle in a Wet Haystack, 2009",2009,"Needle in a Wet Haystack, 2009.scen",28196,True,Standalone Scenario,
268,"Nerve Hydra, 1994",1994,"Nerve Hydra, 1994.scen",365736,True,Standalone Scenario,
269,"New Mexico Goes to War, 2023",2023,"New Mexico Goes to War, 2023.scen",961836,True,Standalone Scenario,
270,"Nicaragua Missile Crisis, 2024",2024,"Nicaragua Missile Crisis, 2024.scen",1987105,True,Standalone Scenario,
271,"Nile Delta Strikeback, 2012",2012,"Nile Delta Strikeback, 2012.scen",52974,True,Standalone Scenario,
272,"No Time for Mischief, 1995",1995,"No Time for Mischief, 1995.scen",58875,True,Standalone Scenario,
273,"Norrland Defense, 1990",1990,"Norrland Defense, 1990.scen",305520,True,Standalone Scenario,
274,"Novi Pazer Pursuit, 1999",1999,"Novi Pazer Pursuit, 1999.scen",166446,True,Standalone Scenario,
275,"Nuclear Shadow of East Asia - Sino-Soviet Confilt, 1986",1986,"Nuclear Shadow of East Asia - Sino-Soviet Confilt, 1986.scen",2341538,True,Standalone Scenario,
276,"Nuclear Storm, 1991",1991,"Nuclear Storm, 1991.scen",109913,True,Standalone Scenario,
277,"Offensive CAP Belarus, 2015",2015,"Offensive CAP Belarus, 2015.scen",223630,True,Standalone Scenario,
278,"Oil in Somalia Italy vs India, 1990",1990,"Oil in Somalia Italy vs India, 1990.scen",662942,True,Standalone Scenario,
279,"Old Feuds Have Now Returned, 2014",2014,"Old Feuds Have Now Returned, 2014.scen",38892,True,Standalone Scenario,
280,"On Stalins Order, 1945",1945,"On Stalins Order, 1945.scen",149861,True,Standalone Scenario,
281,"One Final Old-Fashioned Banana War, 1947",1947,"One Final Old-Fashioned Banana War, 1947.scen",51644,True,Standalone Scenario,
282,"One Ship, One Country, 2017",2017,"One Ship, One Country, 2017.scen",361154,True,Standalone Scenario,
283,"Op Lingkod Timog I, 2013",2013,"Op Lingkod Timog I, 2013.scen",118867,True,Standalone Scenario,
284,"Operación Gomorra, 2010",2010,"Operación Gomorra, 2010.scen",1570049,True,Standalone Scenario,
285,"Operation Adelaide, 2016",2016,"Operation Adelaide, 2016.scen",230894,True,Operation Scenarios (standalone),
286,"Operation Allied Force, 1999",1999,"Operation Allied Force, 1999.scen",1188401,True,Operation Scenarios (standalone),
287,"Operation Ardent Shield, 2030",2030,"Operation Ardent Shield, 2030.scen",1648577,True,Operation Scenarios (standalone),
288,"Operation Baltic Vigilance, 2020",2020,"Operation Baltic Vigilance, 2020.scen",213567,True,Operation Scenarios (standalone),
289,"Operation Bayern, 1965",1965,"Operation Bayern, 1965.scen",294945,True,Operation Scenarios (standalone),
290,"Operation Black Buck 1, 1982",1982,"Operation Black Buck 1, 1982.scen",78825,True,Operation Scenarios (standalone),
291,"Operation Brass Drum - Second of Desert Storm, 1993",1993,"Operation Brass Drum - Second of Desert Storm, 1993.scen",1991519,True,Operation Scenarios (standalone),
292,"Operation British Harpoon, 1968",1968,"Operation British Harpoon, 1968.scen",202152,True,Operation Scenarios (standalone),
293,"Operation Cachalot, 2023",2023,"Operation Cachalot, 2023.scen",447119,True,Operation Scenarios (standalone),
294,"Operation Charming Truth, 1985",1985,"Operation Charming Truth, 1985.scen",152091,True,Operation Scenarios (standalone),
295,"Operation Eagle Guardian, 2019",2019,"Operation Eagle Guardian, 2019.scen",3596946,True,Operation Scenarios (standalone),
296,"Operation El Dorado Canyon, 1986",1986,"Operation El Dorado Canyon, 1986.scen",683877,True,Operation Scenarios (standalone),
297,"Operation El Dorado Canyon, 1996",1996,"Operation El Dorado Canyon, 1996.scen",611596,True,Operation Scenarios (standalone),
298,"Operation Fei Lian, 2019",2019,"Operation Fei Lian, 2019.scen",843162,True,Operation Scenarios (standalone),
299,"Operation Folgore, 2013",2013,"Operation Folgore, 2013.scen",671785,True,Operation Scenarios (standalone),
300,"Operation Ghost Rider, 1985",1985,"Operation Ghost Rider, 1985.scen",76112,True,Operation Scenarios (standalone),
301,"Operation Gray Advantage, 2023",2023,"Operation Gray Advantage, 2023.scen",418363,True,Operation Scenarios (standalone),
302,"Operation Guardian, 2013",2013,"Operation Guardian, 2013.scen",105555,True,Operation Scenarios (standalone),
303,"Operation Gudrun, 2012",2012,"Operation Gudrun, 2012.scen",478882,True,Operation Scenarios (standalone),
304,"Operation Journeyman, 1977",1977,"Operation Journeyman, 1977.scen",55683,True,Operation Scenarios (standalone),
305,"Operation Kaman 99, 1980",1980,"Operation Kaman 99, 1980.scen",592321,True,Operation Scenarios (standalone),
306,"Operation Lawful Avenger, 1985",1985,"Operation Lawful Avenger, 1985.scen",332324,True,Operation Scenarios (standalone),
307,"Operation Lawful Destroyer, 1985",1985,"Operation Lawful Destroyer, 1985.scen",313362,True,Operation Scenarios (standalone),
308,"Operation Liberty Dawn [Redux Redux], 2031",2031,"Operation Liberty Dawn [Redux Redux], 2031.scen",2428291,True,Operation Scenarios (standalone),
309,"Operation Locusta, 1990",1990,"Operation Locusta, 1990.scen",631944,True,Operation Scenarios (standalone),
310,"Operation Mole Cricket 19, 1982",1982,"Operation Mole Cricket 19, 1982.scen",284672,True,Operation Scenarios (standalone),
311,"Operation Morvarid, 1980",1980,"Operation Morvarid, 1980.scen",121908,True,Operation Scenarios (standalone),
312,"Operation Northern Stork, 2018",2018,"Operation Northern Stork, 2018.scen",337951,True,Operation Scenarios (standalone),
313,"Operation Quiet Rodeo, 1994",1994,"Operation Quiet Rodeo, 1994.scen",293563,True,Operation Scenarios (standalone),
314,"Operation Reclaimed Might, 2015",2015,"Operation Reclaimed Might, 2015.scen",984588,True,Operation Scenarios (standalone),
315,"Operation Rimon 20, 1970",1970,"Operation Rimon 20, 1970.scen",146766,True,Operation Scenarios (standalone),
316,"Operation Rising Lion (Improved), 2025",2025,"Operation Rising Lion (Improved), 2025.scen",5493097,True,Operation Scenarios (standalone),
317,"Operation Sallyport, 2029",2029,"Operation Sallyport, 2029.scen",1784927,True,Operation Scenarios (standalone),
318,"Operation Sapphire Fury, 2019",2019,"Operation Sapphire Fury, 2019.scen",1784741,True,Operation Scenarios (standalone),
319,"Operation Scarlet Lance, 1966",1966,"Operation Scarlet Lance, 1966.scen",1012116,True,Operation Scenarios (standalone),
320,"Operation Sky Sentinel, 2024",2024,"Operation Sky Sentinel, 2024.scen",2478335,True,Operation Scenarios (standalone),
321,"Operation Slam Gray, 1957",1957,"Operation Slam Gray, 1957.scen",183905,True,Operation Scenarios (standalone),
322,"Operation Sling of David, 2014",2014,"Operation Sling of David, 2014.scen",437609,True,Operation Scenarios (standalone),
323,"Operation Soberania, 1978",1978,"Operation Soberania, 1978.scen",177417,True,Operation Scenarios (standalone),
324,"Operation Sombrero de Copa, 2000",2000,"Operation Sombrero de Copa, 2000.scen",77246,True,Operation Scenarios (standalone),
325,"Operation Square Peg, 2013",2013,"Operation Square Peg, 2013.scen",115908,True,Operation Scenarios (standalone),
326,"Operation Texas Crow, 2020",2020,"Operation Texas Crow, 2020.scen",195685,True,Operation Scenarios (standalone),
327,"Operation True Promise III, 2025",2025,"Operation True Promise III, 2025.scen",5648814,True,Operation Scenarios (standalone),
328,"Operation Urgent Fury, 1983",1983,"Operation Urgent Fury, 1983.scen",588781,True,Operation Scenarios (standalone),
329,"Operation Vulture, 1954",1954,"Operation Vulture, 1954.scen",346740,True,Operation Scenarios (standalone),
330,"Ouadi Doum, 1986",1986,"Ouadi Doum, 1986.scen",64951,True,Standalone Scenario,
331,"Out of Megiddo - Team Sunfish, 1973",1973,"Out of Megiddo - Team Sunfish, 1973.scen",123020,True,Standalone Scenario,
332,"Out of Megiddo - The Battle of the Arabian Sea, 1973",1973,"Out of Megiddo - The Battle of the Arabian Sea, 1973.scen",235147,True,Standalone Scenario,
333,"Oyashio on Patrol, 2014",2014,"Oyashio on Patrol, 2014.scen",69810,True,Standalone Scenario,
334,"Patton Seamount Emergency, 2020",2020,"Patton Seamount Emergency, 2020.scen",532601,True,Standalone Scenario,
335,"Peeling the Onion, 1957",1957,"Peeling the Onion, 1957.scen",2125105,True,Standalone Scenario,
336,"Penetrating the Blockade, 2027",2027,"Penetrating the Blockade, 2027.scen",1033542,True,Standalone Scenario,
337,"Philippine Navy Patrol Force - Shoal Patrol, 2013",2013,"Philippine Navy Patrol Force - Shoal Patrol, 2013.scen",266113,True,Standalone Scenario,
338,"Phoenix of Indochina, 1949",1949,"Phoenix of Indochina, 1949.scen",64531,False,Standalone Scenario,
339,"Play The Fool, 2016",2016,"Play The Fool, 2016.scen",707684,True,Standalone Scenario,
340,"Plum Blossoms Do Not Fall Lightly, 2025",2025,"Plum Blossoms Do Not Fall Lightly, 2025.scen",744265,True,Standalone Scenario,
341,"Podengo Monday, 1968",1968,"Podengo Monday, 1968.scen",99855,True,Standalone Scenario,
342,"Probe or Feint, 1963",1963,"Probe or Feint, 1963.scen",73747,True,Standalone Scenario,
343,"Protecting Peacekeepers on Samar, 2024",2024,"Protecting Peacekeepers on Samar, 2024.scen",142460,True,Standalone Scenario,
344,"Putins War In the Jaws of the Bear, 2022",2022,"Putins War In the Jaws of the Bear, 2022.scen",1208533,True,Putin's War Series,
345,"Putins War Midnight Sun, 2022",2022,"Putins War Midnight Sun, 2022.scen",2672314,True,Putin's War Series,
346,"Putins War Operation Exodus, 2022",2022,"Putins War Operation Exodus, 2022.scen",1533201,True,Putin's War Series,
347,"Putins War The Bodo Express, 2022",2022,"Putins War The Bodo Express, 2022.scen",1598599,True,Putin's War Series,
348,"Putins War Threading the Needle, 2022",2022,"Putins War Threading the Needle, 2022.scen",137527,True,Putin's War Series,
349,"Raid on Bir Moghrein, 2020",2020,"Raid on Bir Moghrein, 2020.scen",107697,True,Standalone Scenario,
350,"Randolphs Racket, 1954",1954,"Randolphs Racket, 1954.scen",162789,True,Standalone Scenario,
351,"Rebel Yell, 2015",2015,"Rebel Yell, 2015.scen",74410,True,Standalone Scenario,
352,"Red Episodes - Boomer to Sea, 1989",1989,"Red Episodes - Boomer to Sea, 1989.scen",186859,True,Red Episodes Series,
353,"Red Episodes - No Sandbox No Joy, 1989",1989,"Red Episodes - No Sandbox No Joy, 1989.scen",104069,True,Red Episodes Series,
354,"Red Episodes - Recon in Force, 1989",1989,"Red Episodes - Recon in Force, 1989.scen",142956,True,Red Episodes Series,
355,"Red Episodes - SOS SOSUS, 1989",1989,"Red Episodes - SOS SOSUS, 1989.scen",41820,True,Red Episodes Series,
356,"Red Episodes - Stop that Convoy, 1989",1989,"Red Episodes - Stop that Convoy, 1989.scen",183387,True,Red Episodes Series,
357,"Red Flag, 2017",2017,"Red Flag, 2017.scen",595469,True,Standalone Scenario,
358,"Red Iceland, 1980",1980,"Red Iceland, 1980.scen",334685,True,Standalone Scenario,
359,"Red Phoenix - Battle of the Tsushima, 1987",1987,"Red Phoenix - Battle of the Tsushima, 1987.scen",1420473,True,The War That Never Was Series,
360,"Red Phoenix - Christmas Day, 1986",1986,"Red Phoenix - Christmas Day, 1986.scen",323048,True,The War That Never Was Series,
361,"Red Storm - Fill the Gap, 1990",1990,"Red Storm - Fill the Gap, 1990.scen",446482,True,Standalone Scenario,
362,"Regaining Honor, 2015",2015,"Regaining Honor, 2015.scen",315403,True,Standalone Scenario,
363,"Regulus, 1961",1961,"Regulus, 1961.scen",211550,True,Standalone Scenario,
364,"Resolution 1737, 2007",2007,"Resolution 1737, 2007.scen",293837,True,Standalone Scenario,
365,"Revenge in Beirut, 1983",1983,"Revenge in Beirut, 1983.scen",691216,True,Standalone Scenario,
366,"Rollback - Hoisting the Net, 1998",1998,"Rollback - Hoisting the Net, 1998.scen",32862,True,Standalone Scenario,
367,"Rollback - The First of Many, 1998",1998,"Rollback - The First of Many, 1998.scen",417376,True,Standalone Scenario,
368,"Royal Problems, 1962",1962,"Royal Problems, 1962.scen",365879,True,Standalone Scenario,
369,"Ruby Slipper, 2016",2016,"Ruby Slipper, 2016.scen",869087,True,Standalone Scenario,
370,"Russian Civil War - Phase I, 2004",2004,"Russian Civil War - Phase I, 2004.scen",719758,True,Standalone Scenario,
371,"Russian Civil War - Phase II, 2004",2004,"Russian Civil War - Phase II, 2004.scen",2015345,True,Standalone Scenario,
372,"Russian Civil War - Phase III, 2004",2004,"Russian Civil War - Phase III, 2004.scen",1859450,True,Standalone Scenario,
373,"Ryukyu Islands, 2022",2022,"Ryukyu Islands, 2022.scen",2807293,True,Standalone Scenario,
374,"SC Andes Mallorca Ep 101, 2011",2011,"SC Andes Mallorca Ep 101, 2011.scen",198511,True,SC Andes Campaign,
375,"SC Andes Mallorca Ep 102, 2011",2011,"SC Andes Mallorca Ep 102, 2011.scen",92417,True,SC Andes Campaign,
376,"SC Andes Mallorca Ep 103, 2011",2011,"SC Andes Mallorca Ep 103, 2011.scen",62498,True,SC Andes Campaign,
377,"SC Egypt Ep 101, 2011",2011,"SC Egypt Ep 101, 2011.scen",128331,True,SC Egypt Campaign,
378,"SC Mauritania Pt 1, 2011",2011,"SC Mauritania Pt 1, 2011.scen",38004,True,SC Mauritania Campaign,
379,"SC Mauritania Pt 2, 2011",2011,"SC Mauritania Pt 2, 2011.scen",44577,True,SC Mauritania Campaign,
380,"SC Mauritania Pt 3, 2011",2011,"SC Mauritania Pt 3, 2011.scen",86441,True,SC Mauritania Campaign,
381,"SEAL Submarine Exercise, 2010",2010,"SEAL Submarine Exercise, 2010.scen",29345,True,Standalone Scenario,
382,"STANAVFORLANT Gets to Work, 1969",1969,"STANAVFORLANT Gets to Work, 1969.scen",187770,True,Standalone Scenario,
383,"Sagami Bay Convoy Raid, 2022",2022,"Sagami Bay Convoy Raid, 2022.scen",343453,True,Standalone Scenario,
384,"Sakhalin or Karafuto, 2013",2013,"Sakhalin or Karafuto, 2013.scen",283710,True,Standalone Scenario,
385,"Salalah Station, 1986",1986,"Salalah Station, 1986.scen",260210,True,Standalone Scenario,
386,"SandBox Nations 1, 2018",2018,"SandBox Nations 1, 2018.scen",5608060,True,Sandbox/Tutorial,
387,"Sandbox Scenario 1 - Surface Encounter, 1991",1991,"Sandbox Scenario 1 - Surface Encounter, 1991.scen",41651,True,Sandbox/Tutorial,
388,"Sandbox Scenario 2 - East Med A2-AD, 2016",2016,"Sandbox Scenario 2 - East Med A2-AD, 2016.scen",725986,True,Sandbox/Tutorial,
389,"Sandies and Jollies, 1968",1968,"Sandies and Jollies, 1968.scen",81861,True,Standalone Scenario,
390,"Sanitizing NORLANT, 1962",1962,"Sanitizing NORLANT, 1962.scen",443093,True,Standalone Scenario,
391,"Sapphire, 1977",1977,"Sapphire, 1977.scen",727471,True,Standalone Scenario,
392,"Saudia Arabia Crisis -  Attack of IS, 2016",2016,"Saudia Arabia Crisis -  Attack of IS, 2016.scen",4863307,True,Standalone Scenario,
393,"Save the Day, 2017",2017,"Save the Day, 2017.scen",504150,True,Standalone Scenario,
394,"Saving the Third Temple, 1973",1973,"Saving the Third Temple, 1973.scen",706451,True,Standalone Scenario,
395,"Sawfish and the Fast Lady, 2010",2010,"Sawfish and the Fast Lady, 2010.scen",110533,True,Standalone Scenario,
396,"Scenario Editor Tutorial-Adding Weapons, 2015",2015,"Scenario Editor Tutorial-Adding Weapons, 2015.scen",18126,True,Sandbox/Tutorial,
397,"Seawolf 1, Ivan Marches, 1996",1996,"Seawolf 1, Ivan Marches, 1996.scen",101164,True,Standalone Scenario,
398,"Seawolf 2, Duckshoot, 1996",1996,"Seawolf 2, Duckshoot, 1996.scen",59170,True,Standalone Scenario,
399,"Senkaku Crisis, 2010",2010,"Senkaku Crisis, 2010.scen",158836,True,Standalone Scenario,
400,"Senkaku Islands Clash, 2019",2019,"Senkaku Islands Clash, 2019.scen",1733388,True,Standalone Scenario,
401,"Set Defence Condition One, 1986",1986,"Set Defence Condition One, 1986.scen",2428626,True,Standalone Scenario,
402,"Shandong Lashes Out, 2021",2021,"Shandong Lashes Out, 2021.scen",1795290,True,Standalone Scenario,
403,"Shangri-La Comes Calling, 1965",1965,"Shangri-La Comes Calling, 1965.scen",306117,True,Standalone Scenario,
404,"Shoot-out at Package One, 1952",1952,"Shoot-out at Package One, 1952.scen",202651,True,Standalone Scenario,
405,"Sideshow in the South China Sea, 1985",1985,"Sideshow in the South China Sea, 1985.scen",604901,True,Standalone Scenario,
406,"Sink the Nautica, 1977",1977,"Sink the Nautica, 1977.scen",267601,True,Standalone Scenario,
407,"Sinking a Battlewagon, 1990",1990,"Sinking a Battlewagon, 1990.scen",23655,True,Standalone Scenario,
408,"Skagerrak, 1963",1963,"Skagerrak, 1963.scen",96128,True,Standalone Scenario,
409,"Small Random Convoy Transit, 1989",1989,"Small Random Convoy Transit, 1989.scen",200849,True,Standalone Scenario,
410,"Smart Bracelet, 2014",2014,"Smart Bracelet, 2014.scen",71355,True,Standalone Scenario,
411,"Smooth Bordeaux, 1964",1964,"Smooth Bordeaux, 1964.scen",109616,True,Standalone Scenario,
412,"Smooth Trail, 1988",1988,"Smooth Trail, 1988.scen",86238,True,Standalone Scenario,
413,"Snipe Incident, 1958",1958,"Snipe Incident, 1958.scen",91866,True,Standalone Scenario,
414,"Solomon Islands Incursion, 1994",1994,"Solomon Islands Incursion, 1994.scen",63433,True,Standalone Scenario,
415,South Atlantic War 1982 - Sneaky Beakies in South Georgia,,South Atlantic War 1982 - Sneaky Beakies in South Georgia.scen,85775,True,Standalone Scenario,
416,"South of Crete, 1985",1985,"South of Crete, 1985.scen",398539,True,Standalone Scenario,
417,"Southern Brawl (The War That Never Was), 1989",1989,"Southern Brawl (The War That Never Was), 1989.scen",1056245,True,The War That Never Was Series,
418,"Soviet Endgame - Seize Giebelstadt, 1981",1981,"Soviet Endgame - Seize Giebelstadt, 1981.scen",186274,True,Standalone Scenario,
419,"Spanish Guinea II, Nigerian Alliance v Spain, 1996",1996,"Spanish Guinea II, Nigerian Alliance v Spain, 1996.scen",1594519,True,Standalone Scenario,
420,"Spanish Guinea, 1995",1995,"Spanish Guinea, 1995.scen",244208,True,Standalone Scenario,
421,"Splendid George, 1985",1985,"Splendid George, 1985.scen",355747,True,Standalone Scenario,
422,"Splendid Rambler, 1968",1968,"Splendid Rambler, 1968.scen",78534,True,Standalone Scenario,
423,"Sri Lanka Crisis, 2021",2021,"Sri Lanka Crisis, 2021.scen",299492,True,Standalone Scenario,
424,"Stag Yellow, 1969",1969,"Stag Yellow, 1969.scen",289207,True,Standalone Scenario,
425,"Stalins Bulls, 1951",1951,"Stalins Bulls, 1951.scen",117414,True,Standalone Scenario,
426,"Standoff-21, 2019",2019,"Standoff-21, 2019.scen",84923,True,Standalone Scenario,
427,"Sterett in the Gulf of Thailand, 1977",1977,"Sterett in the Gulf of Thailand, 1977.scen",137070,True,Standalone Scenario,
428,"Strike Group Stennis vs. Tanzania, 2020",2020,"Strike Group Stennis vs. Tanzania, 2020.scen",400960,True,Standalone Scenario,
429,"Strike Quick, 1999",1999,"Strike Quick, 1999.scen",125328,True,Standalone Scenario,
430,"String of Pearls - Lance the Boil, 2020",2020,"String of Pearls - Lance the Boil, 2020.scen",754683,True,Standalone Scenario,
431,"Submarines off São Tomé, 2020",2020,"Submarines off São Tomé, 2020.scen",108598,True,Standalone Scenario,
432,"Sudan Strike, 2025",2025,"Sudan Strike, 2025.scen",577647,True,Standalone Scenario,
433,"Sumatra Crisis, 2022 - 1 - Mayday",2022,"Sumatra Crisis, 2022 - 1 - Mayday.scen",52541,True,Sumatra Crisis Series,
434,"Sumatra Crisis, 2022 - 2 - Trade Paralisis",2022,"Sumatra Crisis, 2022 - 2 - Trade Paralisis.scen",53237,True,Sumatra Crisis Series,
435,"Sumatra Crisis, 2022 - 3 - Singapore Surprise",2022,"Sumatra Crisis, 2022 - 3 - Singapore Surprise.scen",301894,True,Sumatra Crisis Series,
436,"Surface Group vs. Subs - Marakei, 2020",2020,"Surface Group vs. Subs - Marakei, 2020.scen",88279,True,Standalone Scenario,
437,"Swan Lake, 2024",2024,"Swan Lake, 2024.scen",472775,True,Standalone Scenario,
438,"Syria 413, 2018 [COW]",2018,"Syria 413, 2018 [COW].scen",645151,True,Standalone Scenario,
439,"Tafass, Syria, 2021",2021,"Tafass, Syria, 2021.scen",690165,True,Standalone Scenario,
440,"Taiwan Straits, 2022",2022,"Taiwan Straits, 2022.scen",1635946,True,Standalone Scenario,
441,"Take It, Brave York, 1990",1990,"Take It, Brave York, 1990.scen",87356,True,Standalone Scenario,
442,"Tanker Wars, 2017",2017,"Tanker Wars, 2017.scen",198554,True,Standalone Scenario,
443,"Task Force 45, 1989",1989,"Task Force 45, 1989.scen",130953,True,Standalone Scenario,
444,"Team Carney, 2019",2019,"Team Carney, 2019.scen",304525,True,Standalone Scenario,
445,"Team Chicago Gets Busy, 1974",1974,"Team Chicago Gets Busy, 1974.scen",101993,True,Standalone Scenario,
446,"Team Chicago and Vietnam Get Busy, 1974",1974,"Team Chicago and Vietnam Get Busy, 1974.scen",134843,True,Standalone Scenario,
447,"Team Dido, 1964",1964,"Team Dido, 1964.scen",57112,True,Standalone Scenario,
448,"Team Midway in the Taiwan Strait, 1962",1962,"Team Midway in the Taiwan Strait, 1962.scen",553433,True,Standalone Scenario,
449,"Team Mysore, 2017",2017,"Team Mysore, 2017.scen",185961,True,Standalone Scenario,
450,"Team Worden, 1983",1983,"Team Worden, 1983.scen",141615,True,Standalone Scenario,
451,"Tempest Marlin, 2016",2016,"Tempest Marlin, 2016.scen",325216,True,Standalone Scenario,
452,"Terrorists in Anjar, 1984",1984,"Terrorists in Anjar, 1984.scen",273261,True,Standalone Scenario,
453,"The 2023 North Korean Nuclear Attacks Part 1, 2023",2023,"The 2023 North Korean Nuclear Attacks Part 1, 2023.scen",103541,True,Standalone Scenario,
454,"The 2023 North Korean Nuclear Attacks Part 2, 2023",2023,"The 2023 North Korean Nuclear Attacks Part 2, 2023.scen",843660,True,Standalone Scenario,
455,"The 4th of July, 1989",1989,"The 4th of July, 1989.scen",2747551,True,Standalone Scenario,
456,"The Akusekijima Conflict, 2019",2019,"The Akusekijima Conflict, 2019.scen",125283,True,Standalone Scenario,
457,"The Banja Luka Incident, 1994",1994,"The Banja Luka Incident, 1994.scen",159742,True,Standalone Scenario,
458,"The Battle of Al Khor, 1995",1995,"The Battle of Al Khor, 1995.scen",152702,True,Standalone Scenario,
459,"The Battle of Bejaia, 1999",1999,"The Battle of Bejaia, 1999.scen",218404,True,Standalone Scenario,
460,"The Battle of Chiapas, 2020",2020,"The Battle of Chiapas, 2020.scen",102332,True,Standalone Scenario,
461,"The Battle of Langkawi, 1973",1973,"The Battle of Langkawi, 1973.scen",349471,True,Standalone Scenario,
462,"The Battle of Mitú, 1995",1995,"The Battle of Mitú, 1995.scen",95825,True,Standalone Scenario,
463,"The Battle of Palmdale, 1956",1956,"The Battle of Palmdale, 1956.scen",25139,True,Standalone Scenario,
464,"The Battle of Seogeom-ri, 2015",2015,"The Battle of Seogeom-ri, 2015.scen",171209,True,Standalone Scenario,
465,"The Battle of Vogel Seamount, 1981",1981,"The Battle of Vogel Seamount, 1981.scen",234749,True,Standalone Scenario,
466,"The Battle of the Turtle Islands, 1988",1988,"The Battle of the Turtle Islands, 1988.scen",151686,True,Standalone Scenario,
467,"The Bear and the Dragon, 2023",2023,"The Bear and the Dragon, 2023.scen",1002859,True,Standalone Scenario,
468,"The Bridges at Toko-Ri, 1952",1952,"The Bridges at Toko-Ri, 1952.scen",282248,True,Standalone Scenario,
469,"The C-Team, 1988",1988,"The C-Team, 1988.scen",2904098,True,Standalone Scenario,
470,"The Clash Of Titans II, 2018",2018,"The Clash Of Titans II, 2018.scen",189157,True,Standalone Scenario,
471,"The Convoy, Ukraine, 2022",2022,"The Convoy, Ukraine, 2022.scen",522999,True,Standalone Scenario,
472,"The Corfu Channel Episode, 1946",1946,"The Corfu Channel Episode, 1946.scen",123697,True,Standalone Scenario,
473,"The Dam Busters, 2021",2021,"The Dam Busters, 2021.scen",126374,True,Standalone Scenario,
474,"The Desperate Hours December, 1985",1985,"The Desperate Hours December, 1985.scen",210639,True,Standalone Scenario,
475,"The Escort Division, 1962",1962,"The Escort Division, 1962.scen",156019,True,Standalone Scenario,
476,"The Fiery October - Reprisal, 1962",1962,"The Fiery October - Reprisal, 1962.scen",410354,True,Standalone Scenario,
477,"The Fiery October, Reprisal, 1962",1962,"The Fiery October, Reprisal, 1962.scen",722825,True,Standalone Scenario,
478,"The Fighter-Bomber Aviation Regiment, 1987",1987,"The Fighter-Bomber Aviation Regiment, 1987.scen",235793,True,Standalone Scenario,
479,"The Five Powers, 2020",2020,"The Five Powers, 2020.scen",325682,True,Standalone Scenario,
480,"The Gauntlet, 1989",1989,"The Gauntlet, 1989.scen",1706193,True,Standalone Scenario,
481,"The Great Arctic War - Arctic Cod Conflict, 2030",2030,"The Great Arctic War - Arctic Cod Conflict, 2030.scen",62336,True,Standalone Scenario,
482,"The Grecale Affair, 2017",2017,"The Grecale Affair, 2017.scen",91133,True,Standalone Scenario,
483,"The Honduran-Cuban War - March 12, 1968",1968,"The Honduran-Cuban War - March 12, 1968.scen",330242,True,Standalone Scenario,
484,"The Honduran-Cuban War - March 19, 1968",1968,"The Honduran-Cuban War - March 19, 1968.scen",592605,True,Standalone Scenario,
485,"The Honduran-Cuban War - March 26, 1968",1968,"The Honduran-Cuban War - March 26, 1968.scen",591685,True,Standalone Scenario,
486,"The Hustlers, 1962 (No CoW)",1962,"The Hustlers, 1962 (No CoW).scen",375520,True,Standalone Scenario,
487,"The Hustlers, 1962",1962,"The Hustlers, 1962.scen",375101,True,Standalone Scenario,
488,"The Isla La Orchila Affair, 2020",2020,"The Isla La Orchila Affair, 2020.scen",269085,True,Standalone Scenario,
489,"The Kings Hand, 2016",2016,"The Kings Hand, 2016.scen",112772,True,Standalone Scenario,
490,"The Laser Dance, 2024",2024,"The Laser Dance, 2024.scen",237810,True,Standalone Scenario,
491,"The Libyan War, 1986",1986,"The Libyan War, 1986.scen",1934778,True,Standalone Scenario,
492,"The Lobster War, 1962",1962,"The Lobster War, 1962.scen",169985,True,Standalone Scenario,
493,"The Lost Province, 2017",2017,"The Lost Province, 2017.scen",2064059,True,Standalone Scenario,
494,"The Migrant War, 2013",2013,"The Migrant War, 2013.scen",168611,True,Standalone Scenario,
495,"The Missiles of October Part Deux, 2020",2020,"The Missiles of October Part Deux, 2020.scen",1204418,True,Standalone Scenario,
496,"The Mohéli Crisis, 1999",1999,"The Mohéli Crisis, 1999.scen",115624,True,Standalone Scenario,
497,"The Okhotsk Bastion, 1961",1961,"The Okhotsk Bastion, 1961.scen",316517,True,Standalone Scenario,
498,"The Old Regime and the New Nation, 1966",1966,"The Old Regime and the New Nation, 1966.scen",33886,True,Standalone Scenario,
499,"The Old vs the New - The Madagascar Crisis, 2025",2025,"The Old vs the New - The Madagascar Crisis, 2025.scen",926981,True,Standalone Scenario,
500,"The Olutanga Rebellion, 2020",2020,"The Olutanga Rebellion, 2020.scen",160874,True,Standalone Scenario,
501,"The Penang Affair, 1955",1955,"The Penang Affair, 1955.scen",176548,True,Standalone Scenario,
502,"The Raisa Affair, 1969",1969,"The Raisa Affair, 1969.scen",78252,True,Standalone Scenario,
503,"The Seto Submarine Scare, 2018",2018,"The Seto Submarine Scare, 2018.scen",134340,True,Standalone Scenario,
504,"The Seventh Battle, 1992",1992,"The Seventh Battle, 1992.scen",1174554,True,Standalone Scenario,
505,"The Shores of Tripoli (The War That Never Was) NATO, 1989",1989,"The Shores of Tripoli (The War That Never Was) NATO, 1989.scen",1115797,True,The War That Never Was Series,
506,"The Snipe Incident, 1958",1958,"The Snipe Incident, 1958.scen",32437,True,Standalone Scenario,
507,"The Soviet Test, 1964",1964,"The Soviet Test, 1964.scen",88957,True,Standalone Scenario,
508,"The Transit, 1985",1985,"The Transit, 1985.scen",387835,True,Standalone Scenario,
509,"The V-Bombers, 1962 (No AC Dmg)",1962,"The V-Bombers, 1962 (No AC Dmg).scen",3114350,True,The V-Bombers Series,
510,"The V-Bombers, 1962",1962,"The V-Bombers, 1962.scen",3136136,True,The V-Bombers Series,
511,"The Vanuatu Crisis, 1996",1996,"The Vanuatu Crisis, 1996.scen",117085,True,Standalone Scenario,
512,"They Came From The Museum, 2015",2015,"They Came From The Museum, 2015.scen",212200,True,Standalone Scenario,
513,"Those Who Face Death, 2014",2014,"Those Who Face Death, 2014.scen",211243,True,Standalone Scenario,
514,"Those Who Hunt Goblins, 1973",1973,"Those Who Hunt Goblins, 1973.scen",306416,True,Standalone Scenario,
515,"Three CVs Exercises, 2017",2017,"Three CVs Exercises, 2017.scen",1069404,True,Standalone Scenario,
516,"Tighten the Straitjacket, 2027",2027,"Tighten the Straitjacket, 2027.scen",467152,True,Standalone Scenario,
517,"To Kill A Mockingbird, 1979",1979,"To Kill A Mockingbird, 1979.scen",284307,True,Standalone Scenario,
518,"To Kill The Queen, 2022 - PRC Version",2022,"To Kill The Queen, 2022 - PRC Version.scen",918951,True,Standalone Scenario,
519,"To Kill The Queen, 2022 - Western Version",2022,"To Kill The Queen, 2022 - Western Version.scen",949027,True,Standalone Scenario,
520,"To the Shores of Abu Musa, 2021",2021,"To the Shores of Abu Musa, 2021.scen",1307156,True,Standalone Scenario,
521,"Top Gun, 1986",1986,"Top Gun, 1986.scen",71642,True,Standalone Scenario,
522,"Trouble at Trevelyan, 2023",2023,"Trouble at Trevelyan, 2023.scen",50421,True,Standalone Scenario,
523,"Turkish Revenge, 2012",2012,"Turkish Revenge, 2012.scen",26969,True,Standalone Scenario,
524,"Turkish Warships Join the Fight, 1968",1968,"Turkish Warships Join the Fight, 1968.scen",236093,True,Standalone Scenario,
525,"Turkmen Bombardment, 1998",1998,"Turkmen Bombardment, 1998.scen",41550,True,Standalone Scenario,
526,"Turning the Tables, 1992 (No AC Dmg)",1992,"Turning the Tables, 1992 (No AC Dmg).scen",134787,True,Standalone Scenario,
527,"Turning the Tables, 1992",1992,"Turning the Tables, 1992.scen",134361,True,Standalone Scenario,
528,"Two Cutters in the Gulf of Mexico, 2020",2020,"Two Cutters in the Gulf of Mexico, 2020.scen",68227,True,Standalone Scenario,
529,"US Naval Air Power Debate - Baseline, 2016",2016,"US Naval Air Power Debate - Baseline, 2016.scen",259171,True,Standalone Scenario,
530,"US Naval Air Power Debate - F-35, 2016",2016,"US Naval Air Power Debate - F-35, 2016.scen",254456,True,Standalone Scenario,
531,"US Naval Air Power Debate - Super Hornet, 2016",2016,"US Naval Air Power Debate - Super Hornet, 2016.scen",288231,True,Standalone Scenario,
532,"US-UK Fellowship Exercise, 2012",2012,"US-UK Fellowship Exercise, 2012.scen",29226,True,Standalone Scenario,
533,"USS Baltimore CS1 - Typhoon Hell, 1983",1983,"USS Baltimore CS1 - Typhoon Hell, 1983.scen",211631,True,Standalone Scenario,
534,"USS Baltimore SC2 - Two Birds One Stone, 1983",1983,"USS Baltimore SC2 - Two Birds One Stone, 1983.scen",190732,True,Standalone Scenario,
535,"USS Midway vs. Cuba - The War That Never Was, 1989",1989,"USS Midway vs. Cuba - The War That Never Was, 1989.scen",266496,True,The War That Never Was Series,
536,"Ulleungdo Island, 2018",2018,"Ulleungdo Island, 2018.scen",467710,True,Standalone Scenario,
537,"Under African Skies, 2017",2017,"Under African Skies, 2017.scen",1016515,True,Standalone Scenario,
538,"Vengeance, 2021",2021,"Vengeance, 2021.scen",794097,True,Standalone Scenario,
539,"Vikrant goes to War, 1971",1971,"Vikrant goes to War, 1971.scen",423239,True,Standalone Scenario,
540,"Vivid Sentry, 2018",2018,"Vivid Sentry, 2018.scen",156480,True,Standalone Scenario,
541,"Vlakke Hoek, 1962",1962,"Vlakke Hoek, 1962.scen",46503,True,Standalone Scenario,
542,"WEC Davos Attacked by Terrorists, 2016",2016,"WEC Davos Attacked by Terrorists, 2016.scen",1046541,True,Standalone Scenario,
543,"WW3 D-Day, 1985",1985,"WW3 D-Day, 1985.scen",1555897,True,Standalone Scenario,
544,"WWIII 87 Air Campaign Denmark 10 July, 1987",1987,"WWIII 87 Air Campaign Denmark 10 July, 1987.scen",623826,True,Standalone Scenario,
545,"Waller Takes Charge, 1955",1955,"Waller Takes Charge, 1955.scen",391947,True,Standalone Scenario,
546,"War of The Thirty-Fives, 2021",2021,"War of The Thirty-Fives, 2021.scen",104218,True,Standalone Scenario,
547,"Wargasm, 1962 (No AC Dmg)",1962,"Wargasm, 1962 (No AC Dmg).scen",1913198,True,Wargasm Series,
548,"Wargasm, 1962",1962,"Wargasm, 1962.scen",1912025,True,Wargasm Series,
549,"Warthogs Over Latakia, 2013",2013,"Warthogs Over Latakia, 2013.scen",126394,True,Standalone Scenario,
550,"Water Wars, 2017",2017,"Water Wars, 2017.scen",592646,True,Standalone Scenario,
551,"White Piano, 1966",1966,"White Piano, 1966.scen",136545,True,Standalone Scenario,
552,"Yankee Team, 1966",1966,"Yankee Team, 1966.scen",1076486,True,Standalone Scenario,
553,"Yellow Sea Patrol, 1949",1949,"Yellow Sea Patrol, 1949.scen",49588,True,Standalone Scenario,
554,"Yemen Convoy, 2015",2015,"Yemen Convoy, 2015.scen",214574,True,Standalone Scenario,
555,"Northern Fury 1 - H Hour, 1994",1994,"Northern Fury/1. Northern Fury/Northern Fury 1 - H Hour, 1994.scen",904588,True,Northern Fury Campaign (1. Northern Fury),
556,"Northern Fury 10 - Eisenhower moves North, 1994",1994,"Northern Fury/1. Northern Fury/Northern Fury 10 - Eisenhower moves North, 1994.scen",581564,True,Northern Fury Campaign (1. Northern Fury),
557,"Northern Fury 11 - Changing of the Guard, 1994",1994,"Northern Fury/1. Northern Fury/Northern Fury 11 - Changing of the Guard, 1994.scen",767229,True,Northern Fury Campaign (1. Northern Fury),
558,"Northern Fury 12 - Command at Sea, 1994",1994,"Northern Fury/1. Northern Fury/Northern Fury 12 - Command at Sea, 1994.scen",121688,True,Northern Fury Campaign (1. Northern Fury),
559,"Northern Fury 13 - Cutting the Tether, 1994",1994,"Northern Fury/1. Northern Fury/Northern Fury 13 - Cutting the Tether, 1994.scen",126150,True,Northern Fury Campaign (1. Northern Fury),
560,"Northern Fury 14 - Here comes the Cavalry, 1994",1994,"Northern Fury/1. Northern Fury/Northern Fury 14 - Here comes the Cavalry, 1994.scen",807504,True,Northern Fury Campaign (1. Northern Fury),
561,"Northern Fury 15 - Stab in the Dark, 1994",1994,"Northern Fury/1. Northern Fury/Northern Fury 15 - Stab in the Dark, 1994.scen",74767,True,Northern Fury Campaign (1. Northern Fury),
562,"Northern Fury 16 - Sub Surge, 1994",1994,"Northern Fury/1. Northern Fury/Northern Fury 16 - Sub Surge, 1994.scen",271933,True,Northern Fury Campaign (1. Northern Fury),
563,"Northern Fury 17 - Poke in the Eye, 1994",1994,"Northern Fury/1. Northern Fury/Northern Fury 17 - Poke in the Eye, 1994.scen",62963,True,Northern Fury Campaign (1. Northern Fury),
564,"Northern Fury 18 - Ant Eaters Revenge, 1994",1994,"Northern Fury/1. Northern Fury/Northern Fury 18 - Ant Eaters Revenge, 1994.scen",739227,True,Northern Fury Campaign (1. Northern Fury),
565,"Northern Fury 19 - Decapitation, 1994",1994,"Northern Fury/1. Northern Fury/Northern Fury 19 - Decapitation, 1994.scen",1013843,True,Northern Fury Campaign (1. Northern Fury),
566,"Northern Fury 2 - X-Ray Station, 1994",1994,"Northern Fury/1. Northern Fury/Northern Fury 2 - X-Ray Station, 1994.scen",785054,True,Northern Fury Campaign (1. Northern Fury),
567,"Northern Fury 20 - BUFF Stampede, 1994",1994,"Northern Fury/1. Northern Fury/Northern Fury 20 - BUFF Stampede, 1994.scen",669858,True,Northern Fury Campaign (1. Northern Fury),
568,"Northern Fury 21 - Sweep up, 1994",1994,"Northern Fury/1. Northern Fury/Northern Fury 21 - Sweep up, 1994.scen",1525556,True,Northern Fury Campaign (1. Northern Fury),
569,"Northern Fury 22 - Vagar Vengence, 1994",1994,"Northern Fury/1. Northern Fury/Northern Fury 22 - Vagar Vengence, 1994.scen",667888,True,Northern Fury Campaign (1. Northern Fury),
570,"Northern Fury 23 - Swift, Silent, and Deadly, 1994",1994,"Northern Fury/1. Northern Fury/Northern Fury 23 - Swift, Silent, and Deadly, 1994.scen",1046406,True,Northern Fury Campaign (1. Northern Fury),
571,"Northern Fury 24 - Battlewagons to War!, 1994",1994,"Northern Fury/1. Northern Fury/Northern Fury 24 - Battlewagons to War!, 1994.scen",1094197,True,Northern Fury Campaign (1. Northern Fury),
572,"Northern Fury 25 - Jar Heads on Ice, 1994",1994,"Northern Fury/1. Northern Fury/Northern Fury 25 - Jar Heads on Ice, 1994.scen",2331050,True,Northern Fury Campaign (1. Northern Fury),
573,"Northern Fury 26 - Land of Fire & Ice!, 1994",1994,"Northern Fury/1. Northern Fury/Northern Fury 26 - Land of Fire & Ice!, 1994.scen",272374,True,Northern Fury Campaign (1. Northern Fury),
574,"Northern Fury 27 - Out on a Limb, 1994",1994,"Northern Fury/1. Northern Fury/Northern Fury 27 - Out on a Limb, 1994.scen",877964,True,Northern Fury Campaign (1. Northern Fury),
575,"Northern Fury 28 - Bump in the Night, 1994",1994,"Northern Fury/1. Northern Fury/Northern Fury 28 - Bump in the Night, 1994.scen",283481,True,Northern Fury Campaign (1. Northern Fury),
576,"Northern Fury 29 - Somethings Fishy, 1994",1994,"Northern Fury/1. Northern Fury/Northern Fury 29 - Somethings Fishy, 1994.scen",306527,True,Northern Fury Campaign (1. Northern Fury),
577,"Northern Fury 3 - Dagger to the Heart, 1994",1994,"Northern Fury/1. Northern Fury/Northern Fury 3 - Dagger to the Heart, 1994.scen",555351,True,Northern Fury Campaign (1. Northern Fury),
578,"Northern Fury 30 - Lance to the Chest, 1994",1994,"Northern Fury/1. Northern Fury/Northern Fury 30 - Lance to the Chest, 1994.scen",133927,True,Northern Fury Campaign (1. Northern Fury),
579,Northern Fury 31 - Shield of Faith. 1994,,Northern Fury/1. Northern Fury/Northern Fury 31 - Shield of Faith. 1994.scen,1585872,False,Northern Fury Campaign (1. Northern Fury),
580,"Northern Fury 32 - Sneak Peek, 1994",1994,"Northern Fury/1. Northern Fury/Northern Fury 32 - Sneak Peek, 1994.scen",72096,False,Northern Fury Campaign (1. Northern Fury),
581,"Northern Fury 33 - Into the night!, 1994",1994,"Northern Fury/1. Northern Fury/Northern Fury 33 - Into the night!, 1994.scen",162757,False,Northern Fury Campaign (1. Northern Fury),
582,"Northern Fury 34 - The Longest Battle, 1994",1994,"Northern Fury/1. Northern Fury/Northern Fury 34 - The Longest Battle, 1994.scen",2799168,True,Northern Fury Campaign (1. Northern Fury),
583,"Northern Fury 35 - Shoulder to Shoulder, 1994",1994,"Northern Fury/1. Northern Fury/Northern Fury 35 - Shoulder to Shoulder, 1994.scen",2729241,True,Northern Fury Campaign (1. Northern Fury),
584,"Northern Fury 36 - Wrestling an Octopus, 1994",1994,"Northern Fury/1. Northern Fury/Northern Fury 36 - Wrestling an Octopus, 1994.scen",567895,True,Northern Fury Campaign (1. Northern Fury),
585,"Northern Fury 37 - Charge of the Light Brigade, 1994",1994,"Northern Fury/1. Northern Fury/Northern Fury 37 - Charge of the Light Brigade, 1994.scen",1007283,True,Northern Fury Campaign (1. Northern Fury),
586,"Northern Fury 38 - Hammer, 1994",1994,"Northern Fury/1. Northern Fury/Northern Fury 38 - Hammer, 1994.scen",803003,True,Northern Fury Campaign (1. Northern Fury),
587,"Northern Fury 39 - Anvil, 1994",1994,"Northern Fury/1. Northern Fury/Northern Fury 39 - Anvil, 1994.scen",790588,True,Northern Fury Campaign (1. Northern Fury),
588,"Northern Fury 4 - A Cold and lonely Place, 1994",1994,"Northern Fury/1. Northern Fury/Northern Fury 4 - A Cold and lonely Place, 1994.scen",219514,True,Northern Fury Campaign (1. Northern Fury),
589,"Northern Fury 40 - Tongs, 1994",1994,"Northern Fury/1. Northern Fury/Northern Fury 40 - Tongs, 1994.scen",681713,True,Northern Fury Campaign (1. Northern Fury),
590,"Northern Fury 41 - Tour de Force, 1994",1994,"Northern Fury/1. Northern Fury/Northern Fury 41 - Tour de Force, 1994.scen",2246665,True,Northern Fury Campaign (1. Northern Fury),
591,"Northern Fury 42 - Blast from the Past, 1994",1994,"Northern Fury/1. Northern Fury/Northern Fury 42 - Blast from the Past, 1994.scen",176708,True,Northern Fury Campaign (1. Northern Fury),
592,"Northern Fury 43 - Red Devils, 1994",1994,"Northern Fury/1. Northern Fury/Northern Fury 43 - Red Devils, 1994.scen",502742,True,Northern Fury Campaign (1. Northern Fury),
593,"Northern Fury 44 - Into the Bastion, 1994",1994,"Northern Fury/1. Northern Fury/Northern Fury 44 - Into the Bastion, 1994.scen",69550,True,Northern Fury Campaign (1. Northern Fury),
594,"Northern Fury 45 - A Rock on the Beach, 1994",1994,"Northern Fury/1. Northern Fury/Northern Fury 45 - A Rock on the Beach, 1994.scen",279738,True,Northern Fury Campaign (1. Northern Fury),
595,"Northern Fury 5 - Bardufoss Blues, 1994",1994,"Northern Fury/1. Northern Fury/Northern Fury 5 - Bardufoss Blues, 1994.scen",1170156,True,Northern Fury Campaign (1. Northern Fury),
596,"Northern Fury 6 - Trondheim Express, 1994",1994,"Northern Fury/1. Northern Fury/Northern Fury 6 - Trondheim Express, 1994.scen",1049091,True,Northern Fury Campaign (1. Northern Fury),
597,"Northern Fury 7 - Keflavik Capers, 1994",1994,"Northern Fury/1. Northern Fury/Northern Fury 7 - Keflavik Capers, 1994.scen",792288,True,Northern Fury Campaign (1. Northern Fury),
598,"Northern Fury 8 - Plug the Gap, 1994",1994,"Northern Fury/1. Northern Fury/Northern Fury 8 - Plug the Gap, 1994.scen",562028,True,Northern Fury Campaign (1. Northern Fury),
599,"Northern Fury 9 - Hold the Line, 1994",1994,"Northern Fury/1. Northern Fury/Northern Fury 9 - Hold the Line, 1994.scen",1036123,True,Northern Fury Campaign (1. Northern Fury),
600,"Baltic Fury 1 - Storm the Gates!, 1994",1994,"Northern Fury/2. Baltic Fury/Baltic Fury 1 - Storm the Gates!, 1994.scen",2486100,True,Northern Fury Sub-Series (2. Baltic Fury),
601,"Baltic Fury 2 - Borscht in Bornholm, 1994",1994,"Northern Fury/2. Baltic Fury/Baltic Fury 2 - Borscht in Bornholm, 1994.scen",2429135,True,Northern Fury Sub-Series (2. Baltic Fury),
602,"Baltic Fury 3 - Warsaw Uprising, 1994",1994,"Northern Fury/2. Baltic Fury/Baltic Fury 3 - Warsaw Uprising, 1994.scen",1746999,True,Northern Fury Sub-Series (2. Baltic Fury),
603,"Baltic Fury 4 - Ride of the Valkyries, 1994",1994,"Northern Fury/2. Baltic Fury/Baltic Fury 4 - Ride of the Valkyries, 1994.scen",1152691,True,Northern Fury Sub-Series (2. Baltic Fury),
604,"Baltic Fury 5 - Ivans March Across the Belts, 1994",1994,"Northern Fury/2. Baltic Fury/Baltic Fury 5 - Ivans March Across the Belts, 1994.scen",1846378,True,Northern Fury Sub-Series (2. Baltic Fury),
605,"Caribbean Fury 1 - Hot Tamales, 1994",1994,"Northern Fury/3. Caribbean Fury/Caribbean Fury 1 - Hot Tamales, 1994.scen",3487643,True,Northern Fury Sub-Series (3. Caribbean Fury),
606,"Caribbean Fury 2 - Retribution!, 1994",1994,"Northern Fury/3. Caribbean Fury/Caribbean Fury 2 - Retribution!, 1994.scen",1665302,True,Northern Fury Sub-Series (3. Caribbean Fury),
607,"Caribbean Fury 3 - Rumble in the Jungle, 1994",1994,"Northern Fury/3. Caribbean Fury/Caribbean Fury 3 - Rumble in the Jungle, 1994.scen",1259711,True,Northern Fury Sub-Series (3. Caribbean Fury),
608,"Caribbean Fury 4 - Show of Force, 1994",1994,"Northern Fury/3. Caribbean Fury/Caribbean Fury 4 - Show of Force, 1994.scen",453372,True,Northern Fury Sub-Series (3. Caribbean Fury),
609,"Caribbean Fury 5 - Caribbean Cruise, 1994",1994,"Northern Fury/3. Caribbean Fury/Caribbean Fury 5 - Caribbean Cruise, 1994.scen",798606,True,Northern Fury Sub-Series (3. Caribbean Fury),
610,"Indian Fury 1 - Persian Pounce, 1994",1994,"Northern Fury/4. Indian Ocean Fury/Indian Fury 1 - Persian Pounce, 1994.scen",3488030,True,Northern Fury Sub-Series (4. Indian Ocean Fury),
611,"Indian Fury 2 - Mozambique Madness, 1994",1994,"Northern Fury/4. Indian Ocean Fury/Indian Fury 2 - Mozambique Madness, 1994.scen",1296653,True,Northern Fury Sub-Series (4. Indian Ocean Fury),
612,"Indian Fury 3 - Socotra Scramble, 1994",1994,"Northern Fury/4. Indian Ocean Fury/Indian Fury 3 - Socotra Scramble, 1994.scen",1470044,True,Northern Fury Sub-Series (4. Indian Ocean Fury),
613,"Indian Fury 4 - The Gate of Tears, 1994",1994,"Northern Fury/4. Indian Ocean Fury/Indian Fury 4 - The Gate of Tears, 1994.scen",3549768,True,Northern Fury Sub-Series (4. Indian Ocean Fury),
614,"Indian Fury 5 - Hormuz Hoedown, 1994",1994,"Northern Fury/4. Indian Ocean Fury/Indian Fury 5 - Hormuz Hoedown, 1994.scen",2873141,True,Northern Fury Sub-Series (4. Indian Ocean Fury),
615,"Indian Fury 6 - Into the Breach, 1994",1994,"Northern Fury/4. Indian Ocean Fury/Indian Fury 6 - Into the Breach, 1994.scen",4845639,True,Northern Fury Sub-Series (4. Indian Ocean Fury),
616,"Indian Fury 7 - Deep Strike, 1994",1994,"Northern Fury/4. Indian Ocean Fury/Indian Fury 7 - Deep Strike, 1994.scen",1104077,True,Northern Fury Sub-Series (4. Indian Ocean Fury),
617,"Indian Fury 8 - Red Sea Rumble, 1994",1994,"Northern Fury/4. Indian Ocean Fury/Indian Fury 8 - Red Sea Rumble, 1994.scen",1779771,True,Northern Fury Sub-Series (4. Indian Ocean Fury),
618,"Mediterranean Fury 1 - The Road to Byzantium, 1994",1994,"Northern Fury/5. Mediterranean Fury/Mediterranean Fury 1 - The Road to Byzantium, 1994.scen",3885449,True,Northern Fury Sub-Series (5. Mediterranean Fury),
619,"Mediterranean Fury 2 - Syrian Surprise, 1994",1994,"Northern Fury/5. Mediterranean Fury/Mediterranean Fury 2 - Syrian Surprise, 1994.scen",4263153,True,Northern Fury Sub-Series (5. Mediterranean Fury),
620,"Mediterranean Fury 3 - Casbah Crunch, 1994",1994,"Northern Fury/5. Mediterranean Fury/Mediterranean Fury 3 - Casbah Crunch, 1994.scen",2777789,True,Northern Fury Sub-Series (5. Mediterranean Fury),
621,"Mediterranean Fury 4 - Secure the Flank, 1994",1994,"Northern Fury/5. Mediterranean Fury/Mediterranean Fury 4 - Secure the Flank, 1994.scen",6519980,True,Northern Fury Sub-Series (5. Mediterranean Fury),
622,"Mediterranean Fury 5 - Serbia Right!, 1994",1994,"Northern Fury/5. Mediterranean Fury/Mediterranean Fury 5 - Serbia Right!, 1994.scen",6316872,True,Northern Fury Sub-Series (5. Mediterranean Fury),
623,"Mediterranean Fury 6 - Hammer to Fall, 1994",1994,"Northern Fury/5. Mediterranean Fury/Mediterranean Fury 6 - Hammer to Fall, 1994.scen",2615546,True,Northern Fury Sub-Series (5. Mediterranean Fury),
624,"Mediterranean Fury 7 - Under Pressure, 1994",1994,"Northern Fury/5. Mediterranean Fury/Mediterranean Fury 7 - Under Pressure, 1994.scen",2686288,True,Northern Fury Sub-Series (5. Mediterranean Fury),
625,"Pacific Fury 1 - Bolt from the Blue, 1994",1994,"Northern Fury/6. Pacific Fury/Pacific Fury 1 - Bolt from the Blue, 1994.scen",1274982,True,Northern Fury Sub-Series (6. Pacific Fury),
626,"Pacific Fury 2 - Bombeska on Hokkaido, 1994",1994,"Northern Fury/6. Pacific Fury/Pacific Fury 2 - Bombeska on Hokkaido, 1994.scen",955852,True,Northern Fury Sub-Series (6. Pacific Fury),
627,"Pacific Fury 3 - Caught Flat Footed, 1994",1994,"Northern Fury/6. Pacific Fury/Pacific Fury 3 - Caught Flat Footed, 1994.scen",808657,True,Northern Fury Sub-Series (6. Pacific Fury),
628,"Pacific Fury 4 - I Come from a Land Down Under, 1994",1994,"Northern Fury/6. Pacific Fury/Pacific Fury 4 - I Come from a Land Down Under, 1994.scen",3332923,True,Northern Fury Sub-Series (6. Pacific Fury),
629,"Pacific Fury 5 - Shemya Shakedown, 1994",1994,"Northern Fury/6. Pacific Fury/Pacific Fury 5 - Shemya Shakedown, 1994.scen",168649,True,Northern Fury Sub-Series (6. Pacific Fury),
630,"Pacific Fury 6 - Priorities, 1994",1994,"Northern Fury/6. Pacific Fury/Pacific Fury 6 - Priorities, 1994.scen",2194622,True,Northern Fury Sub-Series (6. Pacific Fury),
